,rel_goldEarned,rel_magicDamageDealt,rel_physicalDamageDealt,rel_totalDamageDealt,rel_totalDamageTaken,rel_totalHeal,rel_totalMinionsKilled,rel_visionScore,rel_wardsPlaced,rel_neutralMinionsKilled
0,0.18738020845380154,0.1544950274307779,0.22594213994611634,0.1830783414324222,0.2672941638502161,0.34026703358630916,0.04714011158894016,0.2040659409750292,0.18383015020173663,0.6892833445999211
1,0.22713780964445812,0.08394902761074804,0.41917064754077976,0.2460116163020496,0.18146429964931007,0.13847555198765524,0.30637041826675854,0.14922147690281265,0.13852410930347847,0.11178386169739923
2,0.20187726531985029,0.29660314010009703,0.1210774693940246,0.20209244912973134,0.2306235833848526,0.2622438100515321,0.27226284322037797,0.1424340555561631,0.15302431071224584,0.046327190379587685
3,0.14767739696864807,0.04981749715185757,0.022627007736499533,0.0623833787902546,0.16583649545273696,0.17831507180630807,0.05629622603815049,0.34887594583736925,0.38080274440068973,0.0038841975545003404
4,0.22414972793827392,0.5600729500772336,0.03727296429257326,0.2912056203062766,0.17662849741735376,0.1367315663020089,0.30114293239834533,0.1529506691098257,0.1518685967105829,0.12265319703900737
